po_id,supplier_id,item_description,quantity,unit_price_usd,total_amount_usd,order_date,expected_delivery_days,sla_met,delivery_delay_days,price_spike_flag,invoice_matched
PO00001,SUP0028,Legal consulting,925,297.88,189797.07,2025-11-30,30,True,0,False,True
PO00002,SUP0024,Lubricants,570,3311.05,243592.37,2025-02-08,14,True,0,False,True
PO00003,SUP0024,HVAC maintenance,59,255.46,238655.86,2026-03-21,14,True,0,False,True
PO00004,SUP0003,Office furniture,883,1179.84,60383.36,2024-12-15,14,False,6,True,True
PO00005,SUP0019,Laptop computers,536,1585.27,130752.46,2026-04-09,21,True,0,False,True
PO00006,SUP0011,Security services,770,4678.99,5153.07,2025-04-09,7,False,21,False,True
PO00007,SUP0012,Security services,71,4396.95,185078.78,2025-10-13,14,True,0,False,True
PO00008,SUP0026,Office furniture,542,44.08,408643.52,2024-11-09,21,True,0,False,True
PO00009,SUP0004,Security services,110,3713.37,78146.23,2026-02-02,21,True,0,False,True
PO00010,SUP0009,Packaging film,501,1259.35,454125.44,2025-06-02,7,True,0,False,True
PO00011,SUP0011,Lubricants,134,3187.38,131346.65,2025-03-12,30,True,0,True,True
PO00012,SUP0023,Security services,153,2730.22,417380.21,2025-03-08,14,True,0,False,True
PO00013,SUP0026,Network switches,41,4495.13,105433.23,2026-04-07,14,True,0,False,True
PO00014,SUP0014,Laptop computers,768,776.99,464975.57,2025-05-22,14,True,0,False,True
PO00015,SUP0024,Security services,341,3913.02,206150.73,2025-11-19,14,True,0,True,True
PO00016,SUP0008,Cloud hosting,837,4592.67,175154.38,2024-05-31,14,False,2,False,True
PO00017,SUP0028,Cardboard boxes,991,3867.77,175897.49,2024-07-13,30,True,0,False,True
PO00018,SUP0009,Freight forwarding,595,4812.86,133100.45,2024-11-16,7,True,0,True,True
PO00019,SUP0020,Packaging film,119,1929.05,288505.73,2025-05-31,21,True,0,False,False
PO00020,SUP0024,Safety equipment,687,989.19,215933.05,2025-02-27,21,False,18,False,True
PO00021,SUP0010,Packaging film,317,3336.13,163428.36,2024-07-09,21,True,0,False,True
PO00022,SUP0022,Safety equipment,925,874.27,284768.07,2025-11-04,30,True,0,False,True
PO00023,SUP0026,Laptop computers,622,3275.25,232761.6,2026-05-19,30,True,0,False,True
PO00024,SUP0026,Safety equipment,174,3295.96,142251.31,2024-12-12,21,True,0,False,True
PO00025,SUP0007,Freight forwarding,26,235.84,491976.04,2025-09-21,7,True,0,False,True
PO00026,SUP0013,Solvent chemicals,410,1223.7,328200.98,2024-08-13,7,True,0,False,True
PO00027,SUP0026,Safety equipment,531,2325.43,278924.19,2026-01-30,7,True,0,False,True
PO00028,SUP0020,HVAC maintenance,973,3777.47,221565.43,2025-01-29,30,True,0,False,True
PO00029,SUP0028,Solvent chemicals,461,1299.66,123996.25,2024-11-04,21,True,0,False,True
PO00030,SUP0015,Cardboard boxes,731,1432.21,136221.7,2024-12-02,21,True,0,False,True
PO00031,SUP0005,Safety equipment,220,325.82,204095.89,2026-02-26,30,False,8,False,True
PO00032,SUP0025,Laptop computers,969,3479.14,428437.65,2025-10-20,30,True,0,False,True
PO00033,SUP0027,Legal consulting,552,3738.84,273293.09,2025-05-24,14,True,0,False,True
PO00034,SUP0011,Office furniture,696,3991.72,362228.6,2025-08-13,30,True,0,True,True
PO00035,SUP0019,Laptop computers,679,140.37,321553.45,2024-08-20,14,True,0,False,True
PO00036,SUP0015,HVAC maintenance,346,3807.34,189873.54,2025-11-14,30,False,13,False,True
PO00037,SUP0002,HVAC maintenance,230,3252.47,390725.91,2026-02-25,7,True,0,False,True
PO00038,SUP0005,Cloud hosting,130,2370.44,57637.53,2025-09-08,14,True,0,True,True
PO00039,SUP0020,Safety equipment,736,577.09,409740.94,2025-08-30,21,True,0,False,True
PO00040,SUP0013,Legal consulting,965,3576.5,38460.24,2026-04-23,14,True,0,False,True
PO00041,SUP0004,Lubricants,580,3914.26,173928.28,2025-07-15,30,True,0,False,True
PO00042,SUP0028,Legal consulting,843,2453.56,217044.94,2026-03-10,21,True,0,False,True
PO00043,SUP0024,Packaging film,989,3254.03,308148.22,2025-02-03,30,True,0,False,True
PO00044,SUP0027,Security services,89,1398.25,225675.6,2024-09-20,30,True,0,False,True
PO00045,SUP0028,HVAC maintenance,187,2440.31,177735.07,2024-07-04,21,True,0,True,True
PO00046,SUP0001,Packaging film,971,959.33,121057.35,2024-09-16,30,True,0,False,True
PO00047,SUP0016,Solvent chemicals,812,91.13,147470.67,2025-09-15,30,True,0,False,True
PO00048,SUP0018,Packaging film,353,2130.39,373094.75,2025-07-10,21,True,0,False,True
PO00049,SUP0004,Safety equipment,198,1581.16,371569.09,2025-02-09,14,True,0,False,True
PO00050,SUP0025,Packaging film,612,1418.58,50712.79,2025-01-09,14,True,0,False,True
PO00051,SUP0005,Cleaning supplies,47,4871.6,276902.8,2025-05-15,14,False,1,False,True
PO00052,SUP0016,Solvent chemicals,452,1706.83,482766.07,2025-01-02,21,False,1,False,True
PO00053,SUP0003,Laptop computers,645,3433.82,76287.64,2025-01-15,21,False,3,False,True
PO00054,SUP0026,Laptop computers,232,3879.59,190498.82,2025-09-07,30,False,14,False,True
PO00055,SUP0020,Steel coils,625,4800.74,50067.17,2024-09-24,14,True,0,False,True
PO00056,SUP0006,Packaging film,77,786.88,204554.53,2025-08-22,30,True,0,False,True
PO00057,SUP0028,Solvent chemicals,73,3438.49,461993.57,2025-09-24,14,True,0,False,True
PO00058,SUP0009,Network switches,146,361.69,83378.43,2024-11-08,21,True,0,False,True
PO00059,SUP0015,Safety equipment,312,3500.17,471366.78,2024-10-14,30,True,0,False,True
PO00060,SUP0020,Cleaning supplies,27,461.18,480974.6,2024-09-14,7,False,14,False,True
PO00061,SUP0025,Lubricants,180,2355.15,325928.99,2024-06-30,21,True,0,False,True
PO00062,SUP0003,Solvent chemicals,357,2044.7,160868.6,2024-09-27,7,True,0,False,True
PO00063,SUP0022,Legal consulting,834,3803.7,18830.22,2025-06-16,7,True,0,False,True
PO00064,SUP0027,Steel coils,674,4347.49,231257.18,2025-06-22,7,False,13,False,True
PO00065,SUP0015,Lubricants,53,1021.77,274835.21,2025-05-14,21,True,0,False,True
PO00066,SUP0021,Laptop computers,819,1200.29,79609.89,2024-06-03,7,True,0,True,True
PO00067,SUP0004,Solvent chemicals,970,591.74,416155.52,2026-02-13,30,True,0,False,True
PO00068,SUP0027,Solvent chemicals,484,1222.44,275856.91,2025-07-25,30,True,0,False,True
PO00069,SUP0028,Cardboard boxes,283,3864.51,427278.98,2024-09-13,21,True,0,False,True
PO00070,SUP0024,Cleaning supplies,858,2936.75,499451.72,2024-12-16,30,True,0,True,True
PO00071,SUP0018,Lubricants,557,1889.16,466459.7,2025-02-16,14,True,0,False,True
PO00072,SUP0025,Legal consulting,45,1594.29,236751.64,2025-09-17,30,True,0,False,True
PO00073,SUP0005,Solvent chemicals,988,189.91,251394.43,2024-07-09,21,True,0,False,True
PO00074,SUP0005,Legal consulting,892,3275.63,77603.43,2025-02-23,30,False,15,True,True
PO00075,SUP0021,Cardboard boxes,873,1646.19,337341.57,2025-08-21,30,True,0,False,True
PO00076,SUP0028,Packaging film,37,3089.21,117767.74,2024-08-16,21,True,0,False,True
PO00077,SUP0021,Safety equipment,894,507.03,83599.21,2026-02-16,21,True,0,False,True
PO00078,SUP0012,HVAC maintenance,442,732.12,265817.58,2026-04-02,14,True,0,True,True
PO00079,SUP0022,Cloud hosting,510,4564.58,71987.3,2026-02-28,30,True,0,False,True
PO00080,SUP0026,Solvent chemicals,923,1441.72,273525.77,2025-02-03,7,True,0,True,True
PO00081,SUP0014,Safety equipment,257,2286.89,151409.77,2025-05-31,30,True,0,False,True
PO00082,SUP0019,Cleaning supplies,717,1479.68,488983.27,2026-01-30,30,True,0,False,True
PO00083,SUP0002,Security services,621,3727.13,416503.03,2024-10-17,21,True,0,False,True
PO00084,SUP0021,Cloud hosting,636,1256.88,377910.87,2025-09-26,14,True,0,False,True
PO00085,SUP0015,Steel coils,594,1827.48,66140.2,2024-08-15,21,True,0,False,True
PO00086,SUP0012,Packaging film,514,4567.87,415321.07,2025-03-20,21,False,5,False,True
PO00087,SUP0028,HVAC maintenance,824,580.27,481465.2,2025-01-11,14,True,0,False,True
PO00088,SUP0013,Network switches,824,2788.78,45606.29,2025-09-30,30,True,0,False,False
PO00089,SUP0022,Cleaning supplies,599,1908.22,319455.36,2024-11-16,21,False,12,False,True
PO00090,SUP0018,HVAC maintenance,938,3052.36,324002.36,2025-09-22,30,True,0,False,True
PO00091,SUP0002,Steel coils,312,4979.66,58502.18,2025-07-14,14,True,0,False,True
PO00092,SUP0024,Safety equipment,969,2703.26,293876.5,2026-01-01,14,True,0,False,True
PO00093,SUP0009,Steel coils,707,1855.8,221969.85,2024-07-18,14,False,16,False,True
PO00094,SUP0021,HVAC maintenance,63,1993.71,95309.38,2026-02-07,7,True,0,False,True
PO00095,SUP0020,Steel coils,52,3935.04,122162.66,2025-02-08,14,False,7,False,True
PO00096,SUP0007,Network switches,891,1168.83,387297.1,2025-10-21,7,False,18,False,True
PO00097,SUP0026,Freight forwarding,113,3306.98,13377.18,2025-12-22,7,True,0,False,True
PO00098,SUP0009,Steel coils,130,3709.88,263279.72,2025-09-18,7,True,0,True,True
PO00099,SUP0017,Cloud hosting,969,3077.46,363757.88,2025-05-14,21,True,0,False,True
PO00100,SUP0014,Office furniture,111,2453.89,454895.56,2026-04-18,7,False,16,False,True
PO00101,SUP0009,Laptop computers,649,2928.9,356220.32,2025-06-24,30,True,0,True,True
PO00102,SUP0014,Cardboard boxes,813,3510.39,426469.97,2024-11-22,14,True,0,False,True
PO00103,SUP0013,Legal consulting,748,479.95,213668.62,2025-09-28,21,True,0,False,True
PO00104,SUP0003,Network switches,88,470.68,48733.93,2025-12-14,21,True,0,False,True
PO00105,SUP0022,Cardboard boxes,421,1771.22,332837.59,2024-10-27,30,False,18,False,True
PO00106,SUP0012,Cardboard boxes,592,2539.53,77787.72,2026-03-28,30,True,0,False,True
PO00107,SUP0004,Lubricants,286,2872.63,403707.07,2026-01-29,7,True,0,False,True
PO00108,SUP0006,Cleaning supplies,720,3813.24,460807.99,2024-07-15,21,True,0,False,False
PO00109,SUP0005,Safety equipment,649,4859.19,46332.96,2025-12-24,14,True,0,False,True
PO00110,SUP0024,HVAC maintenance,796,4707.33,298313.77,2025-02-09,7,True,0,False,True
PO00111,SUP0022,Legal consulting,498,3037.34,207384.78,2024-08-25,14,False,3,False,True
PO00112,SUP0022,Office furniture,608,2435.73,333732.71,2026-01-23,7,True,0,False,True
PO00113,SUP0007,Lubricants,141,3821.98,145078.84,2024-09-13,7,False,7,False,False
PO00114,SUP0008,Packaging film,573,4167.6,403196.99,2025-03-05,7,False,13,False,True
PO00115,SUP0003,Network switches,321,2880.92,286913.14,2026-04-06,30,True,0,False,True
PO00116,SUP0020,Solvent chemicals,852,3449.6,181245.42,2025-03-31,30,False,11,False,True
PO00117,SUP0003,Legal consulting,892,1554.82,170086.88,2025-09-12,21,True,0,False,True
PO00118,SUP0017,Cloud hosting,928,3882.26,175874.32,2026-03-02,14,True,0,False,True
PO00119,SUP0005,Lubricants,778,3279.27,88984.49,2025-12-21,30,True,0,False,True
PO00120,SUP0019,Office furniture,651,4932.73,161942.52,2024-10-19,21,True,0,False,True
PO00121,SUP0026,Cleaning supplies,606,285.58,253914.77,2026-03-11,21,True,0,False,True
PO00122,SUP0028,Network switches,93,3076.97,253780.37,2026-04-11,30,False,10,True,True
PO00123,SUP0021,Cloud hosting,330,3027.0,250932.97,2026-04-07,7,True,0,False,True
PO00124,SUP0021,Freight forwarding,41,1242.48,219160.26,2025-06-02,30,True,0,False,True
PO00125,SUP0013,Legal consulting,794,1695.14,299143.99,2024-09-02,21,False,12,False,True
PO00126,SUP0009,Safety equipment,873,3284.54,453218.18,2026-02-12,14,True,0,False,True
PO00127,SUP0010,Office furniture,716,3312.37,64911.35,2024-09-30,7,True,0,False,True
PO00128,SUP0005,Office furniture,720,4145.65,369517.95,2025-04-29,7,True,0,False,True
PO00129,SUP0010,Freight forwarding,974,1074.89,473860.3,2025-03-12,30,True,0,True,True
PO00130,SUP0004,Packaging film,790,2701.15,369452.68,2025-12-30,7,False,10,False,True
PO00131,SUP0006,Network switches,710,3856.63,404617.34,2024-08-25,14,False,13,False,True
PO00132,SUP0008,Solvent chemicals,626,1428.22,374393.99,2026-04-05,30,True,0,False,True
PO00133,SUP0016,Security services,856,974.11,339314.26,2025-09-17,30,True,0,False,True
PO00134,SUP0014,Freight forwarding,837,1002.49,302529.39,2025-08-04,21,True,0,False,True
PO00135,SUP0004,Safety equipment,867,2581.97,62776.55,2025-01-12,7,True,0,False,True
PO00136,SUP0027,Legal consulting,94,4732.33,111407.98,2025-08-13,30,True,0,False,True
PO00137,SUP0012,Cloud hosting,396,4972.65,187768.88,2026-04-22,7,True,0,False,True
PO00138,SUP0026,Freight forwarding,141,196.32,458739.39,2026-02-07,30,True,0,False,True
PO00139,SUP0020,Steel coils,928,400.73,128334.0,2025-12-28,14,True,0,False,True
PO00140,SUP0010,Cloud hosting,309,613.63,119600.53,2024-09-03,30,True,0,False,True
PO00141,SUP0017,Laptop computers,248,3594.13,145990.36,2024-12-24,7,True,0,True,True
PO00142,SUP0022,Cardboard boxes,537,4873.4,34305.82,2025-09-15,7,True,0,False,True
PO00143,SUP0009,Safety equipment,17,1788.68,34246.0,2025-01-23,14,False,13,False,True
PO00144,SUP0011,Freight forwarding,46,1764.73,169604.36,2024-08-14,14,False,19,False,True
PO00145,SUP0021,Freight forwarding,831,678.59,358164.51,2024-06-17,30,True,0,False,False
PO00146,SUP0011,Security services,318,2579.34,494566.79,2025-10-25,30,False,7,False,True
PO00147,SUP0025,Steel coils,887,3280.38,136971.69,2024-07-26,21,True,0,False,True
PO00148,SUP0013,HVAC maintenance,998,938.15,346188.21,2025-04-05,21,True,0,False,True
PO00149,SUP0014,Cardboard boxes,441,3014.25,411259.47,2024-12-04,21,True,0,False,True
PO00150,SUP0015,Laptop computers,735,2133.45,345037.52,2026-02-27,21,True,0,False,True
PO00151,SUP0021,Lubricants,971,291.5,335756.35,2025-05-23,30,True,0,False,True
PO00152,SUP0020,Office furniture,801,2193.67,63551.9,2024-06-23,14,False,1,False,True
PO00153,SUP0002,Laptop computers,158,3396.91,474437.35,2025-05-09,21,True,0,False,True
PO00154,SUP0013,HVAC maintenance,666,1397.06,480279.77,2026-03-02,7,True,0,False,True
PO00155,SUP0004,Cleaning supplies,794,1305.15,223413.42,2024-12-24,21,True,0,False,True
PO00156,SUP0003,Solvent chemicals,177,4493.9,222833.04,2025-01-02,7,True,0,False,True
PO00157,SUP0018,Packaging film,298,4457.2,425755.34,2025-06-26,14,True,0,False,True
PO00158,SUP0026,Freight forwarding,243,3952.91,13628.87,2024-12-15,21,True,0,False,True
PO00159,SUP0013,Safety equipment,737,2395.93,205692.16,2024-11-01,30,False,3,True,True
PO00160,SUP0015,Solvent chemicals,697,2589.21,64603.14,2026-03-05,14,False,11,False,True
PO00161,SUP0002,Network switches,128,2592.92,152410.21,2026-01-07,14,True,0,False,True
PO00162,SUP0017,Security services,291,4230.44,125677.35,2024-05-23,21,True,0,False,True
PO00163,SUP0021,Freight forwarding,607,4708.33,77520.04,2025-07-13,21,True,0,False,True
PO00164,SUP0021,Lubricants,591,1326.96,105798.79,2024-10-19,30,False,1,False,True
PO00165,SUP0010,Office furniture,980,1513.96,122816.52,2026-04-18,30,True,0,False,True
PO00166,SUP0014,Solvent chemicals,476,1024.09,303526.8,2026-03-06,21,True,0,False,True
PO00167,SUP0013,Freight forwarding,779,1855.85,281044.78,2025-06-27,21,True,0,False,True
PO00168,SUP0004,Steel coils,298,4727.2,432149.84,2026-01-14,30,True,0,False,True
PO00169,SUP0024,HVAC maintenance,195,3816.79,249383.64,2025-12-07,30,True,0,False,True
PO00170,SUP0013,Packaging film,469,4833.6,107964.64,2025-07-08,21,True,0,False,False
PO00171,SUP0021,Office furniture,482,1432.31,4584.61,2025-08-04,7,True,0,False,True
PO00172,SUP0012,Steel coils,411,260.53,281127.52,2025-08-22,21,True,0,False,True
PO00173,SUP0018,Cleaning supplies,846,4945.51,340359.12,2026-03-05,7,True,0,False,True
PO00174,SUP0011,Packaging film,962,1831.2,72561.55,2026-02-09,30,True,0,False,True
PO00175,SUP0017,Solvent chemicals,153,3033.27,257995.11,2026-04-03,21,False,11,False,True
PO00176,SUP0010,Laptop computers,345,2539.04,255102.19,2025-06-27,30,False,20,False,True
PO00177,SUP0011,Office furniture,113,4899.59,292059.22,2025-07-17,7,True,0,True,True
PO00178,SUP0025,Laptop computers,592,1141.58,26151.9,2025-08-21,30,True,0,False,True
PO00179,SUP0013,Freight forwarding,842,3405.23,16269.47,2024-08-13,7,True,0,False,True
PO00180,SUP0023,Cloud hosting,421,2511.59,305933.29,2025-02-22,30,True,0,False,True
PO00181,SUP0018,HVAC maintenance,679,2394.46,188723.98,2026-03-17,14,True,0,False,True
PO00182,SUP0025,Network switches,739,3405.33,401924.44,2024-11-20,21,True,0,False,True
PO00183,SUP0010,Cloud hosting,965,4864.69,149158.48,2025-11-04,21,True,0,False,True
PO00184,SUP0012,Packaging film,957,4672.75,360971.36,2024-06-12,21,True,0,False,True
PO00185,SUP0013,Network switches,354,4773.27,402405.61,2024-06-26,21,True,0,False,False
PO00186,SUP0009,Safety equipment,491,1073.86,414061.88,2026-02-28,21,True,0,False,True
PO00187,SUP0024,Laptop computers,246,1216.08,335082.07,2024-06-06,14,True,0,False,True
PO00188,SUP0004,Office furniture,790,691.65,482277.12,2026-03-27,14,False,11,False,True
PO00189,SUP0010,HVAC maintenance,293,3231.26,454014.51,2025-01-17,7,True,0,False,True
PO00190,SUP0002,Security services,944,879.45,441181.36,2025-09-24,14,True,0,False,True
PO00191,SUP0016,Freight forwarding,960,3746.27,436209.2,2026-04-12,21,True,0,False,True
PO00192,SUP0011,Cleaning supplies,466,4945.55,271878.59,2026-05-10,30,True,0,False,True
PO00193,SUP0007,Lubricants,116,1656.77,365694.06,2026-01-02,21,True,0,False,True
PO00194,SUP0019,Office furniture,776,969.84,305671.77,2026-05-05,30,True,0,False,True
PO00195,SUP0004,Freight forwarding,144,2389.88,467944.78,2024-12-08,7,True,0,False,True
PO00196,SUP0011,Cleaning supplies,597,3615.8,6212.15,2025-09-20,21,True,0,False,True
PO00197,SUP0006,Legal consulting,703,2515.09,447611.63,2026-03-17,21,True,0,False,True
PO00198,SUP0020,Cloud hosting,225,4787.02,239351.86,2024-08-03,30,True,0,False,True
PO00199,SUP0016,Lubricants,551,4010.96,412888.95,2024-09-06,14,True,0,False,True
PO00200,SUP0015,Packaging film,721,1812.12,458663.73,2024-09-16,7,True,0,False,True
PO00201,SUP0018,Freight forwarding,169,1643.95,260410.6,2024-11-05,7,True,0,False,True
PO00202,SUP0015,Lubricants,57,2269.89,256867.3,2024-09-29,30,True,0,False,True
PO00203,SUP0024,Steel coils,406,1276.01,2006.23,2024-10-24,14,True,0,False,True
PO00204,SUP0018,Steel coils,958,4471.62,493075.56,2026-04-03,30,True,0,False,False
PO00205,SUP0024,Office furniture,987,2104.71,496431.87,2025-03-27,30,False,5,False,True
PO00206,SUP0022,Network switches,553,669.28,430213.15,2025-04-28,7,True,0,False,True
PO00207,SUP0008,Network switches,4,3782.12,489256.1,2024-11-15,30,True,0,False,True
PO00208,SUP0008,Cloud hosting,472,1734.07,138187.04,2024-11-08,7,True,0,False,False
PO00209,SUP0001,Cloud hosting,212,341.12,297175.1,2024-07-12,30,True,0,False,True
PO00210,SUP0002,Legal consulting,450,1175.52,109025.97,2024-05-29,7,True,0,False,True
PO00211,SUP0019,HVAC maintenance,592,2991.6,336429.68,2025-07-27,21,True,0,False,True
PO00212,SUP0014,Cleaning supplies,282,309.48,474285.87,2025-12-24,14,True,0,False,True
PO00213,SUP0012,Office furniture,688,1908.87,262469.3,2025-03-08,30,True,0,True,True
PO00214,SUP0016,Cloud hosting,870,1130.6,428841.85,2025-07-16,14,True,0,False,True
PO00215,SUP0018,Packaging film,138,1945.15,127870.32,2026-03-21,21,True,0,False,True
PO00216,SUP0024,Network switches,196,262.43,188895.4,2025-02-13,7,True,0,False,True
PO00217,SUP0022,Packaging film,223,2399.57,434802.19,2025-11-08,21,True,0,False,True
PO00218,SUP0024,Cardboard boxes,765,4997.86,239720.98,2026-05-04,14,True,0,False,True
PO00219,SUP0018,HVAC maintenance,795,1418.88,233392.11,2024-05-29,21,True,0,False,True
PO00220,SUP0004,Lubricants,740,2350.1,419945.73,2025-05-16,14,True,0,False,True
PO00221,SUP0001,Cleaning supplies,567,4674.12,289781.89,2025-03-22,30,False,8,False,True
PO00222,SUP0027,Cloud hosting,512,2755.46,471760.54,2025-10-31,21,True,0,False,True
PO00223,SUP0016,Solvent chemicals,173,3665.2,176412.0,2025-01-04,14,True,0,False,True
PO00224,SUP0021,Steel coils,537,173.95,423425.34,2025-01-04,7,True,0,False,True
PO00225,SUP0023,Freight forwarding,10,1097.5,228276.82,2025-03-23,7,False,21,False,True
PO00226,SUP0022,Solvent chemicals,17,38.03,276045.96,2024-07-06,7,True,0,False,False
PO00227,SUP0017,Network switches,715,3371.79,403180.77,2025-08-11,14,True,0,False,True
PO00228,SUP0020,Packaging film,259,4077.0,134028.71,2026-02-10,30,True,0,False,True
PO00229,SUP0023,Cloud hosting,308,3421.79,424009.62,2025-03-30,7,True,0,False,True
PO00230,SUP0021,Steel coils,720,861.06,250179.27,2025-04-26,30,True,0,False,True
PO00231,SUP0004,Security services,541,4596.17,115268.37,2025-06-14,30,True,0,False,True
PO00232,SUP0018,Laptop computers,674,169.34,464418.8,2026-03-04,21,True,0,False,False
PO00233,SUP0023,Network switches,408,4644.73,149988.81,2025-10-19,14,True,0,False,True
PO00234,SUP0013,Lubricants,758,704.05,494244.74,2025-04-16,7,True,0,False,True
PO00235,SUP0003,HVAC maintenance,620,3846.18,477451.77,2025-05-30,30,False,14,False,True
PO00236,SUP0015,Solvent chemicals,234,1782.28,470600.85,2025-06-19,30,False,9,False,True
PO00237,SUP0020,Cleaning supplies,818,1236.02,37216.59,2024-09-27,21,True,0,False,True
PO00238,SUP0013,HVAC maintenance,370,537.22,3095.01,2024-05-21,21,True,0,False,True
PO00239,SUP0015,Packaging film,569,2564.64,52094.82,2025-08-16,7,False,3,False,True
PO00240,SUP0028,Legal consulting,13,1462.78,194205.88,2026-02-13,7,True,0,False,True
PO00241,SUP0019,Packaging film,174,3428.15,85166.12,2024-10-24,21,True,0,False,True
PO00242,SUP0014,Cleaning supplies,496,3914.42,180881.89,2024-12-31,14,False,6,False,True
PO00243,SUP0004,Freight forwarding,312,38.8,198148.14,2024-12-28,30,True,0,False,True
PO00244,SUP0027,Network switches,667,4871.26,68494.17,2025-06-16,21,True,0,False,True
PO00245,SUP0013,HVAC maintenance,299,3675.7,316634.78,2024-06-07,14,True,0,False,True
PO00246,SUP0004,Security services,578,1003.0,498633.83,2025-08-05,14,True,0,False,True
PO00247,SUP0007,Solvent chemicals,817,1460.2,346571.22,2024-11-02,30,False,15,False,True
PO00248,SUP0022,Freight forwarding,733,2118.52,188806.91,2025-12-28,30,True,0,False,True
PO00249,SUP0028,Safety equipment,429,2720.51,395465.1,2025-01-14,21,True,0,False,True
PO00250,SUP0004,Lubricants,255,3289.72,177826.91,2024-11-16,7,True,0,False,True
PO00251,SUP0025,HVAC maintenance,989,3982.17,53419.3,2024-07-28,7,True,0,False,True
PO00252,SUP0023,Laptop computers,227,2231.66,195871.52,2024-12-13,14,True,0,False,True
PO00253,SUP0003,Cardboard boxes,852,4703.68,71266.75,2026-04-24,21,True,0,False,True
PO00254,SUP0004,Solvent chemicals,740,3485.33,159795.28,2025-10-20,21,True,0,False,False
PO00255,SUP0022,Lubricants,169,4649.96,370374.5,2024-05-22,14,False,11,False,True
PO00256,SUP0008,Lubricants,415,3150.65,93600.27,2025-06-15,30,True,0,False,True
PO00257,SUP0014,Legal consulting,5,3525.15,103289.35,2024-08-29,7,True,0,False,True
PO00258,SUP0015,Cardboard boxes,269,3355.15,244997.25,2024-11-16,21,True,0,False,True
PO00259,SUP0012,Network switches,469,3088.73,406962.26,2024-09-01,21,True,0,False,True
PO00260,SUP0008,Cleaning supplies,120,919.31,346871.55,2024-09-22,30,False,5,False,True
PO00261,SUP0016,Office furniture,551,3468.7,322807.42,2025-12-29,14,True,0,False,True
PO00262,SUP0027,Solvent chemicals,635,272.79,179840.07,2025-01-03,7,True,0,False,True
PO00263,SUP0017,Office furniture,507,2048.63,246117.08,2025-11-01,30,True,0,False,True
PO00264,SUP0008,Cleaning supplies,34,1377.89,269035.5,2026-02-24,14,True,0,False,True
PO00265,SUP0018,Packaging film,116,2865.71,134310.51,2024-10-17,21,True,0,False,True
PO00266,SUP0007,Legal consulting,105,3681.26,327009.02,2026-04-07,14,True,0,False,True
PO00267,SUP0027,Cardboard boxes,450,4327.13,59134.32,2026-04-16,14,True,0,False,True
PO00268,SUP0020,Office furniture,439,834.08,70047.87,2024-09-24,14,True,0,False,True
PO00269,SUP0020,Packaging film,173,1621.65,352174.85,2026-03-20,21,True,0,False,True
PO00270,SUP0004,Freight forwarding,986,3751.72,206092.31,2024-12-09,7,True,0,False,True
PO00271,SUP0023,HVAC maintenance,849,1241.54,421856.05,2024-07-17,30,False,5,False,True
PO00272,SUP0013,Solvent chemicals,78,3169.97,440122.48,2024-10-05,7,True,0,False,True
PO00273,SUP0015,Solvent chemicals,336,2911.87,434519.43,2025-08-08,7,True,0,False,True
PO00274,SUP0028,Cardboard boxes,815,2674.45,109306.05,2025-02-04,30,True,0,False,True
PO00275,SUP0011,Packaging film,592,657.32,426285.08,2024-12-29,21,True,0,False,True
PO00276,SUP0015,Steel coils,128,4647.52,79412.77,2026-03-31,30,False,21,False,False
PO00277,SUP0005,Security services,666,1512.82,437274.47,2025-03-07,21,True,0,False,True
PO00278,SUP0021,Freight forwarding,54,1984.73,153101.87,2025-05-15,14,True,0,False,True
PO00279,SUP0016,Cardboard boxes,136,2970.43,259962.41,2026-02-15,30,True,0,True,False
PO00280,SUP0028,Legal consulting,711,665.21,35878.74,2024-06-06,30,True,0,False,True
PO00281,SUP0005,Legal consulting,793,4067.77,437311.4,2026-02-04,14,False,12,False,True
PO00282,SUP0012,Safety equipment,219,3142.26,76111.38,2024-10-20,30,False,21,False,True
PO00283,SUP0004,Freight forwarding,771,620.17,365139.57,2025-02-20,21,True,0,False,True
PO00284,SUP0021,Cardboard boxes,255,2769.22,300203.93,2025-07-01,21,True,0,False,True
PO00285,SUP0020,Packaging film,194,3740.48,148123.25,2024-06-11,7,False,10,False,True
PO00286,SUP0016,Office furniture,609,359.7,444417.9,2025-09-16,7,True,0,False,True
PO00287,SUP0018,Office furniture,177,3814.82,477249.27,2025-06-29,7,False,19,False,False
PO00288,SUP0002,Lubricants,408,2535.52,314471.06,2026-03-11,30,False,7,True,True
PO00289,SUP0005,Cleaning supplies,86,1552.98,255896.7,2025-04-03,14,False,18,False,True
PO00290,SUP0021,Lubricants,855,3250.95,321755.71,2025-12-11,21,True,0,False,True
PO00291,SUP0004,Solvent chemicals,627,3046.12,154990.39,2025-09-17,14,False,3,False,True
PO00292,SUP0012,Packaging film,530,3916.02,360522.38,2024-05-25,14,False,1,False,True
PO00293,SUP0001,HVAC maintenance,827,2149.48,262165.18,2025-08-17,21,True,0,False,True
PO00294,SUP0017,HVAC maintenance,57,2500.55,283659.62,2024-10-06,21,True,0,False,True
PO00295,SUP0004,Cloud hosting,759,2546.58,22496.93,2026-02-03,7,True,0,False,True
PO00296,SUP0006,Security services,984,4288.14,276655.96,2025-01-21,30,True,0,False,True
PO00297,SUP0009,Network switches,80,2859.82,60140.76,2025-09-07,7,True,0,False,True
PO00298,SUP0003,Security services,477,4330.83,386876.98,2024-12-07,21,True,0,False,True
PO00299,SUP0010,Laptop computers,804,1523.03,311547.4,2024-10-30,30,True,0,False,True
PO00300,SUP0024,Security services,560,3803.61,122940.87,2024-12-30,7,True,0,False,True
PO00301,SUP0027,Safety equipment,899,52.93,167841.18,2026-04-25,30,True,0,False,True
PO00302,SUP0014,Solvent chemicals,985,304.18,498481.16,2025-07-09,21,False,17,False,True
PO00303,SUP0023,Security services,382,2295.0,374075.75,2025-09-24,7,True,0,False,True
PO00304,SUP0019,Steel coils,446,3313.91,65788.79,2024-08-05,21,True,0,True,True
PO00305,SUP0027,Safety equipment,335,1593.7,136341.96,2025-07-01,7,True,0,False,True
PO00306,SUP0005,Cardboard boxes,169,2250.59,157359.63,2025-12-31,7,True,0,False,True
PO00307,SUP0028,Cardboard boxes,93,792.29,343184.39,2025-10-19,7,True,0,False,True
PO00308,SUP0013,Packaging film,51,3387.53,130453.31,2025-06-18,14,False,8,False,False
PO00309,SUP0018,Cloud hosting,97,2312.91,402046.43,2025-03-31,14,True,0,False,True
PO00310,SUP0005,Cloud hosting,844,2005.91,343299.49,2026-03-17,7,True,0,False,True
PO00311,SUP0003,Cloud hosting,925,3231.7,404744.68,2025-08-27,7,True,0,True,True
PO00312,SUP0019,Legal consulting,842,3623.53,248315.13,2025-06-14,30,False,15,True,True
PO00313,SUP0009,Cleaning supplies,457,4417.7,17807.4,2025-11-24,14,True,0,False,True
PO00314,SUP0002,Cardboard boxes,287,1918.16,209907.79,2024-12-25,14,True,0,False,True
PO00315,SUP0026,Safety equipment,368,2401.02,390826.84,2024-11-09,21,True,0,False,True
PO00316,SUP0001,HVAC maintenance,612,1099.01,447934.51,2024-12-21,21,True,0,False,True
PO00317,SUP0008,Freight forwarding,103,1243.05,120955.82,2025-01-21,7,True,0,False,True
PO00318,SUP0013,HVAC maintenance,958,4196.92,422687.84,2025-10-07,14,True,0,False,True
PO00319,SUP0019,Steel coils,721,3504.3,473805.59,2025-06-28,14,True,0,False,True
PO00320,SUP0016,Packaging film,317,881.91,19462.89,2025-11-08,7,True,0,False,True
PO00321,SUP0020,Cloud hosting,826,656.8,358610.35,2025-10-07,21,False,16,True,True
PO00322,SUP0025,Cardboard boxes,867,2633.84,182762.48,2025-12-19,7,True,0,False,True
PO00323,SUP0010,HVAC maintenance,140,4879.42,366309.84,2024-07-10,30,True,0,False,True
PO00324,SUP0018,Safety equipment,911,4644.58,393602.4,2025-01-06,14,True,0,False,True
PO00325,SUP0010,Freight forwarding,182,3645.51,474419.66,2025-11-21,30,True,0,False,True
PO00326,SUP0026,Laptop computers,227,3200.04,52503.06,2024-10-15,30,False,20,False,True
PO00327,SUP0006,Office furniture,907,4815.58,410920.07,2026-03-01,21,True,0,False,True
PO00328,SUP0012,Cleaning supplies,806,544.63,1139.94,2025-08-21,30,True,0,False,True
PO00329,SUP0016,Security services,388,1759.4,187986.11,2025-03-16,30,True,0,False,True
PO00330,SUP0006,Solvent chemicals,76,3996.98,17189.69,2024-10-05,7,True,0,False,True
PO00331,SUP0006,Safety equipment,77,2737.5,449113.02,2026-02-01,7,False,6,False,True
PO00332,SUP0014,Office furniture,169,3038.55,217383.09,2024-08-29,7,True,0,False,True
PO00333,SUP0018,Safety equipment,948,3651.22,132999.75,2025-10-21,21,True,0,False,True
PO00334,SUP0016,Freight forwarding,56,1807.34,214089.18,2026-02-10,21,False,19,False,True
PO00335,SUP0001,Cloud hosting,175,3192.76,488540.32,2024-08-17,30,True,0,False,True
PO00336,SUP0022,Cleaning supplies,94,3211.12,194069.79,2025-07-08,21,True,0,False,True
PO00337,SUP0015,Solvent chemicals,270,1135.08,134646.72,2025-05-06,7,True,0,True,True
PO00338,SUP0012,Lubricants,555,2072.86,378350.21,2024-06-05,14,True,0,False,True
PO00339,SUP0018,Office furniture,888,4682.13,286570.79,2025-04-18,14,True,0,False,True
PO00340,SUP0002,Packaging film,585,4502.77,400324.94,2026-02-28,14,True,0,False,True
PO00341,SUP0026,Cloud hosting,130,218.17,39645.08,2025-02-14,30,False,6,False,True
PO00342,SUP0024,Security services,827,339.72,194355.53,2024-08-15,30,False,20,False,True
PO00343,SUP0001,Lubricants,718,3117.17,261519.72,2025-08-10,30,True,0,False,True
PO00344,SUP0004,Security services,109,2815.61,50944.73,2025-12-17,21,False,19,False,True
PO00345,SUP0021,Solvent chemicals,586,3046.77,19214.1,2025-06-01,21,True,0,False,True
PO00346,SUP0002,Legal consulting,911,4395.39,345411.62,2024-08-24,7,True,0,False,True
PO00347,SUP0027,Lubricants,311,1558.19,421501.86,2025-08-17,7,True,0,True,True
PO00348,SUP0011,Cleaning supplies,747,2086.78,322954.63,2025-09-28,14,False,15,False,True
PO00349,SUP0028,HVAC maintenance,841,285.75,395849.45,2025-03-29,7,True,0,False,True
PO00350,SUP0017,Security services,583,149.6,96785.34,2024-12-17,14,True,0,False,True
PO00351,SUP0023,Cloud hosting,281,1844.92,232377.12,2025-09-06,30,False,2,False,True
PO00352,SUP0016,Laptop computers,457,892.03,435305.15,2026-01-13,21,True,0,False,True
PO00353,SUP0010,Steel coils,396,253.01,426983.75,2025-08-28,14,True,0,False,True
PO00354,SUP0021,Legal consulting,526,105.16,390261.68,2024-07-26,7,True,0,False,True
PO00355,SUP0001,Cloud hosting,259,3043.68,471530.98,2026-01-04,21,True,0,False,True
PO00356,SUP0007,Solvent chemicals,310,3387.59,412243.26,2025-04-29,30,True,0,False,True
PO00357,SUP0027,Network switches,384,2809.48,297089.39,2026-05-12,21,True,0,False,True
PO00358,SUP0009,Office furniture,333,4308.15,130942.88,2026-01-29,21,True,0,False,True
PO00359,SUP0026,Network switches,822,4051.09,202347.16,2024-12-06,21,True,0,False,True
PO00360,SUP0009,Security services,429,2025.97,368497.68,2026-04-23,14,True,0,False,True
PO00361,SUP0026,Solvent chemicals,929,4703.64,179569.32,2024-05-19,21,True,0,False,True
PO00362,SUP0004,Solvent chemicals,132,3705.89,362730.73,2024-07-15,14,True,0,False,True
PO00363,SUP0008,Safety equipment,893,1538.89,394151.17,2025-06-10,21,True,0,False,True
PO00364,SUP0016,Steel coils,888,3173.81,290366.4,2024-09-27,7,True,0,False,True
PO00365,SUP0013,Packaging film,306,2068.47,435489.15,2025-11-01,14,True,0,False,True
PO00366,SUP0015,Freight forwarding,324,4312.66,90588.21,2025-10-26,7,True,0,False,True
PO00367,SUP0002,Steel coils,463,1371.27,380716.04,2024-08-11,14,True,0,False,True
PO00368,SUP0003,Freight forwarding,630,2171.39,214990.16,2025-12-08,30,True,0,False,True
PO00369,SUP0012,Steel coils,914,1614.45,416697.72,2025-04-22,14,False,18,False,False
PO00370,SUP0023,Security services,353,1563.9,51802.76,2026-05-15,21,True,0,False,True
PO00371,SUP0024,Packaging film,611,2622.97,217115.78,2026-04-03,14,True,0,False,True
PO00372,SUP0026,Legal consulting,20,1145.95,363720.83,2025-01-03,14,True,0,False,True
PO00373,SUP0012,Safety equipment,667,3961.68,187908.62,2026-04-27,21,True,0,False,True
PO00374,SUP0021,Network switches,21,245.93,58337.02,2024-08-19,30,False,2,False,True
PO00375,SUP0007,Safety equipment,703,3153.41,150907.67,2024-11-05,7,True,0,False,True
PO00376,SUP0014,Network switches,921,529.05,359523.73,2025-08-16,7,True,0,False,True
PO00377,SUP0025,Cleaning supplies,852,2618.11,101235.76,2026-01-31,30,True,0,False,True
PO00378,SUP0023,Security services,493,1656.37,1867.63,2026-04-09,7,True,0,False,True
PO00379,SUP0003,Lubricants,524,379.87,361926.34,2024-10-09,21,True,0,False,True
PO00380,SUP0015,Steel coils,103,4066.83,437133.15,2025-02-06,21,True,0,False,True
PO00381,SUP0004,Network switches,777,4452.01,5331.33,2024-06-25,14,True,0,False,True
PO00382,SUP0020,Cleaning supplies,900,3666.67,186624.77,2025-11-26,21,True,0,False,True
PO00383,SUP0027,Legal consulting,707,4254.1,400049.6,2025-04-04,14,True,0,False,True
PO00384,SUP0028,Freight forwarding,107,2083.06,295579.78,2024-06-06,30,True,0,False,True
PO00385,SUP0028,Office furniture,902,4193.49,486735.57,2025-04-26,14,True,0,False,True
PO00386,SUP0003,Cleaning supplies,671,1574.62,352431.8,2025-01-05,14,False,14,False,True
PO00387,SUP0023,Safety equipment,634,480.73,331025.77,2024-07-03,14,True,0,False,True
PO00388,SUP0027,Network switches,572,4460.85,306650.55,2024-07-09,7,True,0,False,True
PO00389,SUP0016,Network switches,170,378.95,246078.16,2025-12-10,14,True,0,False,True
PO00390,SUP0013,Legal consulting,837,1178.82,229817.75,2025-08-08,30,False,8,False,True
PO00391,SUP0016,Safety equipment,670,93.76,202018.11,2024-12-25,7,True,0,False,True
PO00392,SUP0020,Office furniture,312,4451.1,281385.12,2026-05-19,30,True,0,False,True
PO00393,SUP0028,Solvent chemicals,340,2802.95,310069.11,2025-05-12,30,True,0,False,True
PO00394,SUP0025,Office furniture,228,15.97,177891.92,2025-05-12,21,True,0,False,True
PO00395,SUP0006,Solvent chemicals,144,4110.08,371384.19,2025-05-02,30,True,0,True,True
PO00396,SUP0028,Legal consulting,221,2287.94,390819.49,2024-09-01,21,True,0,False,True
PO00397,SUP0019,Cardboard boxes,791,4459.31,228965.24,2025-03-21,14,False,21,False,True
PO00398,SUP0014,Network switches,600,2417.25,254412.28,2026-05-15,14,True,0,True,True
PO00399,SUP0013,Office furniture,615,3032.77,161260.96,2025-11-23,30,True,0,False,True
PO00400,SUP0009,Legal consulting,987,1717.58,147439.68,2024-09-03,14,True,0,False,True
PO00401,SUP0010,Network switches,719,2741.29,157298.44,2024-09-10,14,True,0,False,True
PO00402,SUP0022,Freight forwarding,728,3252.18,479184.06,2024-08-18,21,True,0,False,True
PO00403,SUP0022,Safety equipment,428,3372.85,446986.07,2025-05-24,21,True,0,False,True
PO00404,SUP0001,Legal consulting,149,270.06,28774.08,2025-03-13,21,True,0,False,True
PO00405,SUP0005,Network switches,64,3454.52,147922.71,2025-12-06,7,True,0,False,True
PO00406,SUP0024,Office furniture,575,1947.49,255705.69,2025-02-10,21,False,18,False,True
PO00407,SUP0026,Office furniture,321,4829.34,27374.2,2026-04-01,21,True,0,False,True
PO00408,SUP0023,Safety equipment,664,1841.87,294398.48,2025-02-20,14,True,0,False,True
PO00409,SUP0022,Cardboard boxes,192,4812.56,367672.2,2025-11-02,7,True,0,False,True
PO00410,SUP0006,Laptop computers,867,1278.81,165616.11,2025-03-07,14,True,0,False,False
PO00411,SUP0021,Laptop computers,864,3311.14,245530.2,2025-06-23,21,True,0,False,True
PO00412,SUP0006,Packaging film,70,3932.36,80105.56,2024-05-25,30,True,0,False,True
PO00413,SUP0011,HVAC maintenance,301,1096.13,376451.52,2025-10-05,30,True,0,False,True
PO00414,SUP0021,Laptop computers,941,3107.55,479468.96,2024-07-24,21,False,12,False,True
PO00415,SUP0010,Steel coils,934,2586.75,385361.91,2026-01-23,30,True,0,False,True
PO00416,SUP0017,Cardboard boxes,971,484.3,485828.57,2025-07-20,7,True,0,False,True
PO00417,SUP0028,Office furniture,435,4179.15,103186.99,2025-10-16,30,True,0,False,True
PO00418,SUP0015,Safety equipment,340,194.24,37087.39,2026-03-07,14,True,0,False,True
PO00419,SUP0014,Legal consulting,462,3152.94,216796.0,2024-10-25,7,False,8,False,True
PO00420,SUP0020,Cardboard boxes,775,3731.03,23235.67,2026-01-18,7,True,0,False,True
PO00421,SUP0010,Lubricants,949,2191.19,197859.07,2024-12-21,7,False,10,False,True
PO00422,SUP0026,Lubricants,870,2730.89,480087.07,2024-11-19,14,True,0,False,True
PO00423,SUP0018,Network switches,569,711.16,21365.68,2024-07-25,30,True,0,False,True
PO00424,SUP0024,HVAC maintenance,217,2066.21,323142.79,2026-02-21,14,True,0,False,True
PO00425,SUP0004,Freight forwarding,688,3999.3,426199.44,2025-10-05,30,True,0,False,True
PO00426,SUP0004,Cloud hosting,744,2905.08,475794.18,2026-03-06,21,True,0,True,True
PO00427,SUP0003,Security services,199,1592.34,225597.67,2024-07-17,21,True,0,False,True
PO00428,SUP0011,Legal consulting,173,29.14,123464.48,2025-12-14,14,True,0,False,True
PO00429,SUP0005,Office furniture,751,1661.16,240237.01,2024-08-01,30,True,0,False,True
PO00430,SUP0021,Laptop computers,84,4209.76,429427.47,2025-07-11,14,True,0,False,True
PO00431,SUP0003,Safety equipment,78,4461.07,424868.84,2025-10-30,7,True,0,False,True
PO00432,SUP0002,Packaging film,267,2719.63,499364.72,2024-10-04,30,True,0,False,True
PO00433,SUP0025,Laptop computers,751,4286.53,67373.69,2025-12-18,7,True,0,False,True
PO00434,SUP0026,Laptop computers,701,833.39,257311.27,2024-12-21,30,False,8,False,True
PO00435,SUP0005,Safety equipment,750,2420.1,179718.37,2024-10-17,14,True,0,False,True
PO00436,SUP0022,Cloud hosting,531,4539.09,180945.06,2025-09-24,30,False,12,False,True
PO00437,SUP0023,Packaging film,649,4149.09,417518.7,2026-04-02,21,False,21,False,True
PO00438,SUP0019,Office furniture,920,4178.17,258573.12,2024-10-13,30,False,21,False,True
PO00439,SUP0028,HVAC maintenance,499,3964.32,443642.39,2025-10-03,7,True,0,False,True
PO00440,SUP0017,Office furniture,288,1061.53,93859.39,2025-12-28,21,True,0,False,True
PO00441,SUP0011,Safety equipment,117,2410.18,239667.91,2026-01-18,14,True,0,False,True
PO00442,SUP0002,Freight forwarding,588,2963.78,67794.66,2024-07-26,7,True,0,True,True
PO00443,SUP0017,Legal consulting,614,4846.37,318992.54,2025-12-20,21,False,9,False,True
PO00444,SUP0028,Solvent chemicals,175,1100.72,205678.04,2025-10-10,14,True,0,False,True
PO00445,SUP0006,Safety equipment,703,1716.64,227008.34,2025-11-14,7,True,0,False,True
PO00446,SUP0028,Security services,517,3423.42,413343.84,2025-04-20,7,False,1,False,True
PO00447,SUP0018,Packaging film,771,591.99,241379.35,2024-08-28,14,True,0,False,True
PO00448,SUP0025,Office furniture,665,2160.33,210631.67,2024-11-13,7,True,0,False,True
PO00449,SUP0026,Lubricants,391,1755.84,402408.21,2025-03-06,7,True,0,False,True
PO00450,SUP0028,Cardboard boxes,291,2993.47,272093.65,2025-09-01,21,True,0,False,True
PO00451,SUP0017,Cardboard boxes,533,40.93,327445.79,2024-05-23,21,True,0,True,True
PO00452,SUP0009,Network switches,549,2120.69,183139.23,2026-01-30,21,False,21,False,True
PO00453,SUP0026,Packaging film,495,897.7,279767.37,2025-04-08,30,True,0,False,True
PO00454,SUP0013,Safety equipment,142,4275.72,329811.78,2025-07-09,14,True,0,False,True
PO00455,SUP0017,Legal consulting,805,1695.5,275512.82,2024-06-02,7,True,0,False,True
PO00456,SUP0016,Security services,615,2179.71,32508.19,2024-08-06,14,False,3,False,True
PO00457,SUP0013,Laptop computers,672,2607.42,355947.11,2024-09-03,7,False,13,False,True
PO00458,SUP0007,Network switches,673,4654.14,259317.56,2025-11-21,14,True,0,False,False
PO00459,SUP0020,Freight forwarding,691,185.13,120008.68,2024-09-13,7,True,0,False,True
PO00460,SUP0012,Office furniture,405,2030.23,100555.04,2026-02-20,7,True,0,False,True
PO00461,SUP0024,Network switches,573,4575.47,174373.58,2026-03-10,21,True,0,False,True
PO00462,SUP0001,Cleaning supplies,180,2038.64,53679.25,2025-11-01,7,True,0,False,True
PO00463,SUP0009,Security services,551,4066.67,287659.49,2025-06-05,30,True,0,False,True
PO00464,SUP0011,Lubricants,470,3409.57,448313.65,2024-10-20,7,True,0,False,True
PO00465,SUP0008,Office furniture,719,1153.5,158207.48,2025-08-28,21,False,21,False,True
PO00466,SUP0010,Cardboard boxes,409,3370.12,410626.81,2026-05-10,7,True,0,False,True
PO00467,SUP0019,Cleaning supplies,188,4735.85,341712.1,2025-11-18,14,True,0,False,True
PO00468,SUP0009,Cloud hosting,235,1017.82,125222.87,2025-10-27,21,True,0,False,True
PO00469,SUP0022,Solvent chemicals,629,38.09,428616.12,2026-01-30,7,False,3,False,True
PO00470,SUP0019,Network switches,282,2456.57,492205.14,2025-05-04,21,True,0,False,True
PO00471,SUP0016,Packaging film,34,2514.86,197161.6,2024-10-06,14,False,17,False,True
PO00472,SUP0023,Steel coils,13,3372.14,190024.29,2026-01-16,7,True,0,False,True
PO00473,SUP0009,Cloud hosting,276,2359.37,306735.48,2024-08-30,21,True,0,False,True
PO00474,SUP0012,HVAC maintenance,875,2005.96,225639.13,2025-03-11,14,True,0,False,True
PO00475,SUP0009,Lubricants,242,2778.92,428226.22,2024-06-16,14,True,0,False,True
PO00476,SUP0014,Solvent chemicals,138,4977.83,424770.26,2025-12-17,21,True,0,True,True
PO00477,SUP0002,Legal consulting,102,3454.26,30488.17,2025-07-16,21,True,0,False,True
PO00478,SUP0012,Packaging film,571,4659.56,129228.56,2024-08-13,7,False,11,False,True
PO00479,SUP0007,Laptop computers,590,3251.08,269449.91,2025-05-25,21,True,0,False,True
PO00480,SUP0015,Security services,81,1908.45,143618.53,2024-06-29,14,True,0,False,True
PO00481,SUP0021,Laptop computers,586,2026.84,453582.99,2024-08-02,7,True,0,False,True
PO00482,SUP0023,Cleaning supplies,620,3225.0,135988.43,2025-09-28,30,True,0,False,True
PO00483,SUP0015,Legal consulting,172,923.51,12039.0,2025-05-13,14,True,0,False,True
PO00484,SUP0013,Cardboard boxes,98,323.64,439406.14,2024-06-01,7,True,0,False,False
PO00485,SUP0004,Cleaning supplies,633,780.6,327588.92,2025-04-08,30,True,0,False,True
PO00486,SUP0005,Freight forwarding,540,4193.4,14771.36,2025-09-08,21,True,0,False,True
PO00487,SUP0028,Packaging film,958,1365.71,222700.04,2025-06-20,14,True,0,False,True
PO00488,SUP0019,Legal consulting,537,3200.73,267125.17,2025-02-06,21,True,0,False,True
PO00489,SUP0012,Legal consulting,267,782.81,5772.63,2025-09-29,14,True,0,False,True
PO00490,SUP0016,Lubricants,489,1501.55,383051.67,2025-01-24,21,True,0,False,True
PO00491,SUP0018,Legal consulting,405,1253.23,357611.52,2026-05-12,30,True,0,False,True
PO00492,SUP0008,Packaging film,783,4000.8,306801.5,2025-10-06,21,True,0,False,True
PO00493,SUP0028,Cardboard boxes,187,687.44,55623.0,2024-11-21,30,True,0,False,True
PO00494,SUP0011,Steel coils,156,252.91,267717.89,2025-08-14,14,True,0,False,True
PO00495,SUP0024,Steel coils,239,455.53,7855.06,2025-08-04,14,True,0,False,True
PO00496,SUP0012,Solvent chemicals,714,3958.17,165459.2,2025-07-04,14,True,0,False,True
PO00497,SUP0027,Cleaning supplies,837,1910.98,6801.44,2025-04-13,14,False,16,False,True
PO00498,SUP0007,Solvent chemicals,753,3856.12,260808.99,2025-02-20,14,True,0,False,True
PO00499,SUP0006,Office furniture,746,215.72,468741.75,2024-06-21,7,True,0,False,True
PO00500,SUP0002,Network switches,683,1092.85,56907.77,2024-08-04,30,True,0,False,True
